external_id,source,source_url,title,body,published_at,industry_tags,region,country,amount,currency,subject_company_name,subject_company_domain,subject_company_industry,subject_company_country,subject_company_size_band,subject_company_employees,mentioned_companies,contact_name,contact_title,contact_email,contact_phone,contact_whatsapp,contact_linkedin_url
bad-001,Invalid Rows Gazette,https://invalid-rows-gazette.example/2026/bad-001,,"Orbelle Home Appliances will add a second assembly line at its Chakan plant to build front-load washing machines, lifting annual capacity to 600,000 units by mid-2027. The company said it is finalising suppliers for motors, control boards and packaging, and will invite quotations from component makers over the next two months.",2026-09-20,Consumer Electronics|Manufacturing,"Pune, India",IN,,,Orbelle Home Appliances,orbelle-01.example,Consumer Electronics,IN,1001-5000,2400,,,,,,,
bad-002,Invalid Rows Gazette,https://invalid-rows-gazette.example/2026/bad-002,TEST,"Orbelle Home Appliances will add a second assembly line at its Chakan plant to build front-load washing machines, lifting annual capacity to 600,000 units by mid-2027. The company said it is finalising suppliers for motors, control boards and packaging, and will invite quotations from component makers over the next two months.",2026-09-20,Consumer Electronics|Manufacturing,"Pune, India",IN,,,Orbelle Home Appliances,orbelle-02.example,Consumer Electronics,IN,1001-5000,2400,,,,,,,
bad-003,Invalid Rows Gazette,https://invalid-rows-gazette.example/2026/bad-003,Orbelle Home Appliances adds second washing machine line at Chakan (case 3),"lorem ipsum dolor sit amet, consectetur adipiscing elit, sed do eiusmod tempor incididunt ut labore et dolore magna aliqua. Ut enim ad minim veniam, quis nostrud exercitation ullamco laboris nisi ut aliquip ex ea commodo consequat. Duis aute irure dolor in reprehenderit in voluptate velit esse.",2026-09-20,Consumer Electronics|Manufacturing,"Pune, India",IN,,,Orbelle Home Appliances,orbelle-03.example,Consumer Electronics,IN,1001-5000,2400,,,,,,,
bad-004,Invalid Rows Gazette,https://invalid-rows-gazette.example/2026/bad-004,ORBELLE HOME APPLIANCES ADDS SECOND WASHING MACHINE LINE AT CHAKAN,"Orbelle Home Appliances will add a second assembly line at its Chakan plant to build front-load washing machines, lifting annual capacity to 600,000 units by mid-2027. The company said it is finalising suppliers for motors, control boards and packaging, and will invite quotations from component makers over the next two months.",2026-09-20,Consumer Electronics|Manufacturing,"Pune, India",IN,,,Orbelle Home Appliances,orbelle-04.example,Consumer Electronics,IN,1001-5000,2400,,,,,,,
bad-005,Invalid Rows Gazette,https://invalid-rows-gazette.example/2026/bad-005,Orbelle Home Appliances adds second washing machine line at Chakan (case 5),"Orbelle Home Appliances will add a second assembly line at its Chakan plant to build front-load washing machines, lifting annual capacity to 600,000 units by mid-2027. The company said it is finalising suppliers for motors, control boards and packaging, and will invite quotations from component makers over the next two months.",2026-09-20,Automotive|Space Mining,"Pune, India",IN,,,Orbelle Home Appliances,orbelle-05.example,Consumer Electronics,IN,1001-5000,2400,,,,,,,
bad-006,Invalid Rows Gazette,https://invalid-rows-gazette.example/2026/bad-006,Orbelle Home Appliances adds second washing machine line at Chakan (case 6),"Orbelle Home Appliances will add a second assembly line at its Chakan plant to build front-load washing machines, lifting annual capacity to 600,000 units by mid-2027. The company said it is finalising suppliers for motors, control boards and packaging, and will invite quotations from component makers over the next two months.",next tuesday,Consumer Electronics|Manufacturing,"Pune, India",IN,,,Orbelle Home Appliances,orbelle-06.example,Consumer Electronics,IN,1001-5000,2400,,,,,,,
bad-007,Invalid Rows Gazette,https://invalid-rows-gazette.example/2026/bad-007,Orbelle Home Appliances adds second washing machine line at Chakan (case 7),"Orbelle Home Appliances will add a second assembly line at its Chakan plant to build front-load washing machines, lifting annual capacity to 600,000 units by mid-2027. The company said it is finalising suppliers for motors, control boards and packaging, and will invite quotations from component makers over the next two months.",2031-01-01,Consumer Electronics|Manufacturing,"Pune, India",IN,,,Orbelle Home Appliances,orbelle-07.example,Consumer Electronics,IN,1001-5000,2400,,,,,,,
bad-008,Invalid Rows Gazette,https://invalid-rows-gazette.example/2026/bad-008,Orbelle Home Appliances adds second washing machine line at Chakan (case 8),"Orbelle Home Appliances will add a second assembly line at its Chakan plant to build front-load washing machines, lifting annual capacity to 600,000 units by mid-2027. The company said it is finalising suppliers for motors, control boards and packaging, and will invite quotations from component makers over the next two months.",2026-09-20,Consumer Electronics|Manufacturing,"Pune, India",IN,5000000,,Orbelle Home Appliances,orbelle-08.example,Consumer Electronics,IN,1001-5000,2400,,,,,,,
bad-009,Invalid Rows Gazette,http://localhost/admin,Orbelle Home Appliances adds second washing machine line at Chakan (case 9),"Orbelle Home Appliances will add a second assembly line at its Chakan plant to build front-load washing machines, lifting annual capacity to 600,000 units by mid-2027. The company said it is finalising suppliers for motors, control boards and packaging, and will invite quotations from component makers over the next two months.",2026-09-20,Consumer Electronics|Manufacturing,"Pune, India",IN,,,Orbelle Home Appliances,orbelle-09.example,Consumer Electronics,IN,1001-5000,2400,,,,,,,
bad-010,Invalid Rows Gazette,https://invalid-rows-gazette.example/2026/bad-010,Orbelle Home Appliances adds second washing machine line at Chakan (case 10),"Orbelle Home Appliances will add a second assembly line at its Chakan plant to build front-load washing machines, lifting annual capacity to 600,000 units by mid-2027. The company said it is finalising suppliers for motors, control boards and packaging, and will invite quotations from component makers over the next two months.",2026-09-20,Consumer Electronics|Manufacturing,"Pune, India",IN,,,Orbelle Home Appliances,gmail.com,Consumer Electronics,IN,1001-5000,2400,,,,,,,
bad-011,Invalid Rows Gazette,https://invalid-rows-gazette.example/2026/bad-011,Orbelle Home Appliances adds second washing machine line at Chakan (case 11),"Orbelle Home Appliances will add a second assembly line at its Chakan plant to build front-load washing machines, lifting annual capacity to 600,000 units by mid-2027. The company said it is finalising suppliers for motors, control boards and packaging, and will invite quotations from component makers over the next two months.",2026-09-20,Consumer Electronics|Manufacturing,"Pune, India",IN,,,Orbelle Home Appliances,orbelle-11.example,Consumer Electronics,IN,1-50,9000,,,,,,,
bad-012,Invalid Rows Gazette,https://invalid-rows-gazette.example/2026/bad-012,Orbelle Home Appliances adds second washing machine line at Chakan (case 12),"Orbelle Home Appliances will add a second assembly line at its Chakan plant to build front-load washing machines, lifting annual capacity to 600,000 units by mid-2027. The company said it is finalising suppliers for motors, control boards and packaging, and will invite quotations from component makers over the next two months.",2026-09-20,Consumer Electronics|Manufacturing,"Pune, India",IN,,,Orbelle Home Appliances,orbelle-12.example,Consumer Electronics,IN,1001-5000,2400,,Rohini Deshmukh,Head of Procurement,,,,
imp-001,AutoWire India,https://autowire-india.example/2026/torvia-launches-e-crossover,Torvia Motors to launch Aera electric crossover from its Sanand plant in Q1 2027,"Torvia Motors on Tuesday announced the Aera, a five-seat electric crossover that will roll out of its Sanand plant from Q1 2027. The company plans to build 60,000 units in the first year and will source tyres, battery packs and power electronics locally to meet the government's localisation norms. Bookings open in December across 140 dealerships, and the company said it is finalising suppliers for low rolling resistance EV tyres over the next quarter.",2026-09-22,Automotive|Electric Vehicles,"Sanand, India",IN,,,Torvia Motors,torviamotors.example,Automotive,IN,5001-10000,7800,,Kavita Rao,VP Procurement,kavita.rao@torviamotors.example,+919000050001,,https://linkedin.example/in/kavita-rao-torvia
